<!--
    TCP based stack, with flow control and message bundling. This is usually used when IP
    multicasting cannot be used in a network, e.g. because it is disabled (routers discard multicast).
    Note that TCP.bind_addr and TCPPING.initial_hosts should be set, possibly via system properties, e.g.
    -Djgroups.bind_addr=192.168.5.2 and -Djgroups.tcpping.initial_hosts=192.168.5.2[7600]
-->
<config xmlns="urn:org:jgroups"
        xmlns:xsi="http://www.w3.org/2001/XMLSchema-instance"
        xsi:schemaLocation="urn:org:jgroups http://www.jgroups.org/schema/jgroups.xsd">

    <TCP bind_port="7600"
         sock_conn_timeout="2000"
         send_buf_size="640000"/>

    <TCPPING async_discovery="true"
             initial_hosts="${jgroups.tcpping.initial_hosts:localhost[7600]}"
             port_range="1" num_discovery_runs="3"/>

    <MERGE3/>

    <FD_SOCK start_port="57600"/>

<!--    <FD_ALL2 timeout="9000" interval="3000" />-->
    <FD_ALL/>
    <VERIFY_SUSPECT/>

    <BARRIER />

    <pbcast.NAKACK2 use_mcast_xmit="false"
                    use_mcast_xmit_req="false"
                    xmit_interval="100"
                    xmit_table_num_rows="50"
                    xmit_table_msgs_per_row="1024"
                    xmit_table_max_compaction_time="30000"
                    resend_last_seqno="true"
                    />

    <UNICAST3 xmit_interval="100"
              xmit_table_num_rows="50"
              xmit_table_msgs_per_row="1024"
              xmit_table_max_compaction_time="30000"
              conn_expiry_timeout="0"/>

    <pbcast.STABLE stability_delay="500"
                   desired_avg_gossip="5000"
                   max_bytes="1M"/>

    <pbcast.GMS
            print_physical_addrs="true"
            print_local_addr="true"
            join_timeout="1500"
            view_ack_collection_timeout="8000"/>

    <MFC max_credits="2M"/>

    <FRAG3/>
    <RSVP/>

    <pbcast.STATE_TRANSFER />

</config>